mae,rmse,r2,mape,band_accuracy,weighted_f1,model,split
0.019119235023199125,0.027170257272038853,0.9863828678109399,3.5815257715559303,0.9192652712516018,0.9205674268637271,XGBoost,test
0.01899428149071357,0.02735031055315645,0.9862017923654969,3.5523602565745396,0.9218282785134558,0.921896751067954,Weighted Ensemble,test
0.01990477402641873,0.028736521956582238,0.98476766232441,3.7375333499483987,0.9171294318667236,0.9169018040752839,Random Forest,test
0.025535373017191887,0.03365356282590454,0.9789027571678162,4.813948154449463,0.8972313467855467,0.8963616485953952,LSTM,test
0.0460670114308594,0.06116687037668493,0.9309870372103934,8.704923642826264,0.8214438274241777,0.8204960963468347,Persistence Baseline,test
