mae,rmse,r2,mape,band_accuracy,weighted_f1,model,split,forecast_horizon,target_column
0.011310703378643304,0.016398173603807166,0.9951636389946985,2.241493003720194,0.9521571977787271,0.9520790832816267,XGBoost 30 minutes,test,30 minutes,target_utilization_30m
0.01750100228992584,0.024794859418061664,0.9886597807160756,3.326166932371414,0.9303716360529688,0.9301658088167406,XGBoost 1 hour,test,1 hour,target_utilization_1h
0.027266771450639778,0.03778799201256447,0.9730811943635657,4.988024162214164,0.8831437435367114,0.8820788590848134,XGBoost 2 hours,test,2 hours,target_utilization_2h
